Player,Solo score,Solo top1,Solo kd,Solo winRatio,Solo matches,Solo kills,Solo minutesPlayed
NiteGamerYT 190k,15872,6,0.47,1.4,429,200,739
CIUPEA 144.HZ,54479,9,0.61,0.5,1938,1174,2441
Τriρs,478280,25,0.7,1.0,2581,1785,21679
prOMancos,4300077,576,1.27,1.8,32898,40942,175643
Scribell,212388,34,1.03,2.3,1491,1505,8945
Qx_9u انستا,228620,79,1.03,2.4,3269,3281,8903
Deathfury420,1257973,51,0.95,0.6,8568,8101,55671
KING nax nax,1407541,70,0.8,0.7,10460,8356,63105
UçaN_HamSi,67758,25,0.68,1.1,2182,1471,3199
Kid_Fighter,2428145,331,1.06,2.8,11967,12348,103551
IZHHAN,2502117,227,1.37,1.2,18266,24802,103625
jsemac,4134984,265,0.68,0.9,28830,19535,184946
Ci2i,4323464,366,0.84,1.6,22321,18522,191232
cleo coroa,939388,76,0.82,0.8,9529,7745,40310
MISFITZKING.,2817916,25,0.19,0.1,17166,3213,161451
Twitch ClueVibes,42073,5,1.06,0.6,796,838,1868
ᴿᵃᵛᵌᴺᵔᵜᵔ,24262,7,0.64,2.3,311,196,1167
Onkel Apo 〆,1022158,174,0.99,2.5,7031,6783,45827
madman.mm87,2422076,157,0.78,1.4,11143,8543,112357
Ninjadad5,4595164,297,1.01,0.8,36487,36619,185645
LƎО,389598,52,1.16,1.5,3467,3963,15958
ATK MAC,1257713,139,1.0,1.7,8038,7908,54911
CODlCE XIUDERONE,2848959,481,1.03,2.5,18940,19061,123888
TheNewbiieTTV,106409,10,1.22,1.2,863,1037,4324
juan ay лол ت,2859587,216,1.03,1.2,18101,18455,121536
MRºRIP,74063,11,0.97,2.7,410,387,3227
MissJayBtw,832538,64,0.93,1.4,4442,4050,36644
Irøn Ðux,2395920,149,1.13,1.1,13787,15400,106063
thichlachoi,1135164,123,0.83,1.8,6873,5569,54715
Damnnn Habibi,623413,66,0.91,1.3,5171,4644,28842
VIEJO_MATABOTS,734264,60,0.68,1.7,3574,2373,33277
ᴄᴏᴅᴇ_ꜰʀ0ɴᴛʟɪɴᴇᴛᴠ,1409461,15,0.58,0.2,8380,4862,70284
GoodMyK,1649346,92,1.15,0.9,10401,11903,73735
UpstateNate518,637402,134,1.12,2.1,6407,7016,27794
Firestorm0_0,957144,132,0.76,2.3,5759,4280,41939
V I R U S,197088,31,1.03,1.7,1811,1839,7799
X_X LiX X_X,1175715,106,1.24,1.5,6840,8372,48957
royаl.,836374,85,1.05,0.9,9658,10075,37393
Tp_sergio23,1290487,182,0.82,2.1,8575,6847,60371
Papa Toson,1953617,276,1.36,2.8,9952,13134,79177
101shanks,431941,70,1.41,1.8,3850,5335,17043
GAMER لعيب ア,1353024,64,0.83,0.6,10276,8452,61901
7CH.,1358807,134,1.15,1.5,8783,9914,58912
fabry.70,2672310,274,1.21,2.7,10247,12022,116844
DreDenn on YT,153532,29,1.17,2.4,1226,1397,6569
Monoclide,1220114,189,0.88,2.8,6862,5891,53894
RailCart,4479084,456,0.73,1.8,25222,17993,202919
Fαtαlity,2439235,309,1.01,2.4,12918,12759,113497
Abboudi,3929948,222,1.35,1.1,19867,26461,162462
Mkay-Ultra,893152,128,1.41,2.2,5784,7967,37567
SpOkO21,1403116,88,0.54,1.1,7863,4235,70998
TDT_Banishmaster,3153732,264,0.48,1.4,18719,8767,169810
ᵀʷᶦᵗᶜʰMinerimOxe,217015,34,1.36,2.3,1461,1940,9074
Alpawarrior,2257251,372,1.15,1.7,21479,24195,94431
EDOBERI,4212928,416,1.43,2.7,15660,21869,179289
KFC_Froggy 蛙組.,448050,28,0.91,1.1,2586,2332,20497
TheMagikToxicツ,165230,25,0.66,0.9,2829,1859,7237
Lady Suralai,50303,3,0.66,1.0,308,200,2268
мaykee,2219680,283,1.42,1.3,21364,30031,83417
Giant_Lana,1247739,135,0.87,1.5,8865,7560,53043
MaquinaOvalle,3636329,259,0.98,0.8,33151,32093,144896
oG Fruittyy ツ,792916,96,1.27,1.9,5188,6466,33666
psn(pr-noga),39153,1,0.71,0.4,267,188,1795
packet loss leo,16610,7,1.16,2.8,251,283,692
PapaMatze1968,1228065,48,0.8,0.4,10849,8683,53952
TwitchKingcocos,1015752,150,0.71,2.8,5318,3658,47092
MBA-Jancs,1142160,189,1.0,2.3,8208,8054,51285
05 ToyseTe,44816,15,0.85,2.0,763,638,1860
88Uncle Jimmy88,550169,57,1.33,1.8,3218,4203,22158
OG Thunderbons,824131,92,0.91,2.0,4650,4136,35341
F.ION MrPotage,1574965,215,1.29,1.6,13045,16597,62326
bencas31,4228743,508,0.97,1.6,31362,30042,183484
Remister.,749116,105,0.75,1.8,5783,4278,32494
Sk Fedee,958062,65,1.46,0.8,7880,11411,37844
JUST SLO7,786949,174,1.28,2.7,6455,8050,30568
Kalaaleq Beast,282860,15,0.89,0.8,1838,1621,12701
Willya Ben Ova,9636,0,0.26,0.0,200,52,526
ҠillswitcҤ,2616792,231,0.87,1.6,14102,12066,112842
pepeluvil,716906,92,0.82,2.1,4421,3539,32033
Mikest584,4724,0,0.53,0.0,209,110,210
a Glad Lad,2020823,108,1.2,0.9,11496,13631,89476
MBG-Muallim-Naci,2079997,301,1.4,0.9,32776,45588,79621
itsjust_Ivy_,296749,9,0.88,0.3,2769,2427,12597
Ar1us.,2283806,222,1.38,1.5,14986,20336,96091
MåÐamButterƒly,559850,80,0.64,1.7,4774,3020,24883
miniyo2,82417,5,0.28,0.8,597,166,4179
Tishø,374857,28,0.24,0.2,14316,3500,10800
djharrymusicTV,977202,74,1.15,1.2,6112,6973,43418
TM mohamad,310528,47,0.85,1.4,3390,2842,13415
JustBlameJoshTV,25243,4,0.72,2.2,185,131,1123
Erkan does care,191914,74,0.56,1.1,6930,3862,9095
Evening0 Twitch,190982,14,0.92,0.8,1837,1681,8050
ToXic_Crispin,181857,22,0.92,1.1,1922,1740,7623
Mr chatman,1015309,75,0.94,1.0,7276,6772,43304
SP7_Sepo,982265,83,0.73,1.2,7115,5165,43158
LaLaLa Lowla,49634,16,1.45,1.7,946,1348,2030
Last_Samurai_10,875340,61,0.67,0.6,10617,7047,38801
S3Saint,194761,22,0.92,1.6,1400,1263,8436
Mahou_Twitch,2345511,225,1.27,1.3,16726,21004,108328
Doϲtor,187571,25,1.38,1.7,1435,1945,7229
lalana043,98950,12,1.11,1.7,702,766,4080
6GAMEOVER9 何,583939,135,1.3,2.4,5531,7023,27784
twitch_ruiziNNN,1119339,60,1.23,0.7,9127,11184,44983
CloudCatzz,3352623,325,0.55,1.4,22599,12148,157472
Newcloak,3160684,168,0.65,0.7,22427,14430,149675
MӨПΣY,805968,54,0.75,1.0,5292,3911,37143
B.GoD_AsK,1533669,220,1.03,1.8,12299,12486,68063
SSOJ-User,1117027,51,0.82,0.6,8965,7310,49871
Blaze Zzzz,515121,95,1.24,1.6,6090,7434,20045
PEROALIENX,1982950,85,1.15,0.4,19167,21986,81499
PWA -KiLLUmiNaTI,1990137,153,0.89,1.0,14574,12793,89194
milanko11,112710,11,0.96,2.1,532,498,4966
BarbieTown,119546,9,0.5,0.9,973,485,6079
paralen01,387866,42,0.94,1.5,2734,2530,16332
YT Corran Drake,1839816,221,1.07,1.7,13355,14118,78821
Bot_TexasTim,369398,23,0.52,0.3,7972,4144,16326
Sol1101,4172204,195,0.67,0.8,24785,16510,186168
Scentiic,1981283,216,1.2,1.1,19329,22921,85076
THE_CONTRACTOR,620753,17,0.68,0.3,6727,4563,28324
Sinner YT,1437778,54,0.94,0.6,9428,8845,64021
Dr_Krashツ,607940,58,1.05,1.6,3631,3755,27883
FIR-TorTuGniaL-,458405,28,1.1,1.1,2476,2705,20043
Znojmius CZ,1122853,94,1.07,1.6,5862,6195,48003
Twitchlvadriana,148885,14,0.49,1.0,1363,661,6890
CrabStik,537510,48,1.19,0.9,5452,6421,21954
Muppetlogic,1444068,141,1.29,1.9,7497,9472,59487
Ziximous,1064986,117,1.3,1.5,7731,9881,44625
Banu-13Hz-,1631362,194,1.12,1.9,10264,11312,69155
Gughi black eye,115333,28,0.82,2.1,1319,1053,5377
itsbloodymarie,1226656,216,1.04,2.3,9503,9649,52188
Haze-Dubby ॐ,129618,27,0.96,1.3,2043,1943,5306
SpArTaNXx45,1596293,80,0.73,0.7,11086,8087,75631
ᴛʜᴇ ŁØŘĐ,382127,44,0.75,1.2,3618,2684,17669
TheJazzmanCometh,3363807,91,1.08,0.4,25679,27640,135682
Alee10ツ,712013,58,0.73,0.8,7260,5258,33752
JarvoxTv,826560,93,1.24,2.2,4160,5049,35321
SimplyÃℓeχaиdrØs,224481,34,1.04,2.0,1738,1765,9662
Tῳizzy,20565,1,0.55,0.8,121,66,1013
The Ecuasian,245207,28,0.83,1.7,1650,1347,11219
xCrystalShip,315868,23,0.4,0.8,2789,1104,16586
NOTʲᶜ ˡᶦᵐᶦᵗˡᵉˢˢﾂ,878915,64,1.1,1.3,5103,5564,36841
unikornpiss,69249,13,0.84,1.0,1276,1066,3102
DammitJess,184664,21,0.83,1.0,2126,1738,8026
ToffieFeeTV,907001,63,1.09,1.2,5415,5844,40838
iam samael,1580427,220,1.0,1.5,14308,14147,70029
sammy494,312746,83,0.88,2.3,3600,3091,13277
d0rrk,189730,26,1.31,1.2,2209,2865,7877
危険を恐れて泣いてる,922945,40,0.82,0.5,7897,6424,41321
ᵀᵀⱽ LupiiNz,69747,10,0.84,0.6,1756,1464,3049
222 GaminG on FB,75710,9,0.97,2.5,361,342,3562
NotsKaiky,874581,111,1.46,1.7,6537,9402,33095
wilaxx59,548766,21,0.75,0.7,2954,2192,27018
LamontNastyTTV,349033,60,1.4,2.0,2954,4041,15792
CooL 酷,3037531,438,1.4,2.2,20350,27804,115553
ℵℶ ℵℶℵ,2213094,91,1.34,0.4,25420,33854,74322
BØRRACHØ,323876,55,0.71,1.7,3264,2286,14783
OG-nutone76,143354,15,0.71,1.4,1071,755,6096
Bart LovesMajo,772379,129,1.23,2.5,5219,6275,32484
Batatinha_Chips,305462,21,0.96,1.4,1534,1446,13489
EssMGeeSprAY_TTV,1496525,68,0.87,0.6,12055,10449,67251
kokosinela,2606829,252,0.95,1.7,14963,13946,111625
Roger_Rabbitツ,133159,4,0.3,0.5,865,262,6608
zaviria,1835637,98,0.91,0.8,12362,11129,86633
ttvSomeSaucy,199022,30,1.19,2.0,1524,1773,8015
ᴰᵀ RISE oF AMIR,2346919,207,1.15,1.4,14429,16338,104420
DXR_R1pPeR ツ,413059,84,1.01,1.6,5117,5104,16896
JK BRaVE YT,330809,51,1.31,2.5,2008,2559,14318
adv dawinǃ,2345755,341,1.35,1.6,21802,28896,91853
N3W_ST4R_M3,859542,159,1.22,1.3,12576,15208,35373
evox x Liswe,1637092,104,0.69,0.7,14154,9640,75912
nɹǝԀ ɹǝpʍƎ,2731523,252,0.89,1.8,14269,12459,130027
SAVAGE 义,673901,64,1.1,1.2,5428,5874,26719
primal kcazzy,287561,28,1.31,1.3,2233,2886,11869
TTV cdogz12345,519871,152,0.91,2.2,6839,6107,21748
Lvstphoenix,342443,9,0.61,0.3,2873,1735,15843
RK Hysteria,634098,105,1.22,1.8,5747,6880,24935
Stefan -,716471,55,0.89,1.3,4259,3758,32131
استغفرالله ّ ّ,481074,22,0.75,0.3,8171,6129,20907
nugメ,971611,155,0.64,2.7,5678,3525,44370
UZB050,164537,17,0.72,1.2,1390,989,7574
Fen1x Recargado,1218493,78,0.57,1.1,7311,4153,56968
duokiller82,1798875,157,0.94,1.6,9937,9205,80297
DeskPopDave TTV,1220980,124,0.89,1.6,7521,6558,53346
juansit0_BEAT,441743,103,1.36,1.3,7954,10652,17408
zbrore,2053725,182,1.2,1.2,14748,17548,87314
娜勒杰迪诶迪勒,519443,62,0.94,1.2,5068,4690,22984
Hazardous Logic,429303,25,1.34,1.2,2166,2878,19433
GEIL MaXiGuM,44567,4,1.14,0.9,425,481,1798
GeneralMarkan,1330102,66,0.4,0.7,9404,3774,63125
C.p_98,570415,77,1.01,1.5,5243,5211,24936
KingFlippurPlays,488745,59,1.09,1.9,3116,3323,20486
Dom only,1679934,155,1.16,1.4,11377,12983,68088
PewLookAlike,101486,7,0.44,0.5,1331,587,5166
Fivaxe,1753631,173,1.33,1.4,12242,15999,73168
Frank372,2053098,30,0.94,0.1,23640,22265,79893
whoSavvy TTV,271199,31,1.1,1.0,3153,3438,11156
verdu.,2217284,349,1.41,2.2,15577,21421,91800
CrAzZy GiRLツ,471294,73,1.07,1.3,5756,6071,19337
butchersdr,72720,17,1.32,2.0,868,1125,2980
MaCleanAR,574257,40,0.91,0.8,5109,4629,25779
EDCOMED,1665274,177,0.92,2.0,9004,8146,83480
Spary 69,1359115,186,0.97,2.8,6707,6296,58187
Mr_Foco_ ON IG,282493,25,0.77,0.9,2917,2239,12140
Nekkern88,2836067,307,0.84,2.4,12921,10587,134131
crazy noob21,737878,119,0.78,2.8,4237,3192,32246
Haitorii,298974,25,1.12,1.2,2163,2400,13657
StyxiΨ,207069,15,0.75,1.1,1320,985,9573
WraithFunky,1326908,126,1.37,1.9,6616,8906,54063
GayPrideGamer,629720,69,1.08,2.0,3475,3663,28043
bib_hop,43836,1,1.07,0.4,248,265,1911
KKILLER ANGEL,225146,9,0.7,0.5,1964,1368,10122
UwU Cthulhu,103389,19,0.95,1.7,1104,1026,4550
fat deg on kava,6929,3,0.95,2.8,108,100,311
Jano0o_o,68895,11,1.12,2.5,432,473,2907
hamadibkr11,1361366,153,1.08,1.9,7873,8322,58277
x2jordan. iwnl,483471,64,1.24,1.5,4266,5221,18315
Je2Any Bruce Lee,2086999,171,0.93,1.1,16152,14859,92016
Ninjassian,539506,92,1.17,2.0,4651,5340,21144
Betty Drillza,1699152,128,0.87,1.1,11525,9863,74110
SuperBambiPanda,1034594,67,0.82,1.1,6200,5038,48188
Zara Coconut,255935,24,0.62,1.3,1813,1103,12063
two pay pau,470396,84,1.07,2.6,3202,3324,19603
Chugga626_TDG,3382617,299,0.92,2.0,15193,13730,159684
Twitch TritLive,1022342,53,1.2,0.5,11463,13696,43663
TROUBLE 凸-_-凸,298375,33,0.99,1.5,2201,2137,12848
sky133801,554354,24,1.03,0.4,6106,6247,22566
کLegustک,942381,148,1.33,2.6,5639,7287,41355
лegaл ay лол,1100980,181,1.09,2.0,9195,9826,46487
Serious Hakid,114613,5,0.81,0.5,984,796,5000
Sahag_TheKing,578252,93,0.95,1.6,5987,5570,24786
PG.PETER,1826254,270,0.96,1.5,18393,17385,76812
TTV OTigreChino,1149428,214,1.21,2.6,8231,9731,47854
4R4G0R,446945,55,1.15,2.1,2568,2881,18964
mattG3llo_twtch,650982,72,0.8,0.8,9009,7144,26777
monkey D brg,966522,124,1.09,1.7,7433,7965,42196
BotieL,701606,68,1.3,1.5,4459,5730,30718
Soy malarda,319024,19,0.7,0.4,4246,2939,14345
G o l d P r o,261820,38,1.19,1.9,1981,2311,10969
LukeShots,3460801,591,1.15,2.8,21096,23615,141823
DDM92ϟ,28676,1,0.75,0.5,221,165,1368
Zero is back,220813,21,1.05,1.1,1837,1908,9125
LakisLakis77,1066846,34,0.83,0.3,10184,8399,45432
Shadyッ,11196,2,0.69,0.3,617,425,495
Elesawy_,491821,91,0.82,1.4,6661,5376,20492
VSC TdSoqueTeS,176501,21,1.32,2.1,1009,1304,7238
Nightcrawler H2O,1048395,65,1.05,1.4,4774,4955,48037
Dr3ma不,953990,90,1.11,0.7,13833,15213,38458
IAM_MBiO,295007,9,0.6,0.4,2158,1286,15648
GrampaJ,1998487,208,0.98,1.6,13032,12618,83949
geovani_L2R2,701518,98,1.4,2.1,4639,6379,29805
annoyingfish,3643995,155,0.84,0.5,34307,28632,155638
firestorm6876,1672679,96,1.2,1.0,9404,11172,70248
CaGeDeMiSe,1097356,148,1.14,2.0,7589,8462,44980
triton SRB,603873,50,0.81,1.1,4454,3586,25848
mr.roachclip420ツ,408060,22,0.41,0.7,3059,1230,19977
ˢʸʳᶤᵃZ3EM,705196,103,0.92,1.2,8481,7680,29227
Blaack_Toown,1335739,211,1.0,1.5,13888,13629,55343
Whistler_ELITE,1919822,141,0.83,0.9,16353,13531,80337
hqr_diver,1394681,150,1.31,2.0,7544,9698,56276
Farfadet53,931017,91,1.1,1.8,5053,5448,38150
Field_King,112991,3,0.61,0.5,588,358,5296
Souls OCulien,53812,2,0.34,0.8,249,84,2741
Mad Kiwi,2737653,338,1.46,1.9,17721,25297,107703
Monkey D. SHURA,494448,41,0.77,0.9,4499,3414,22105
Miro.PL,167345,7,0.29,0.7,1035,298,7988
Fortnitedelcaxxo,48699,2,0.54,0.3,708,378,2296
V0N .,110967,14,1.35,2.4,591,781,4956
SyfexG,465944,61,1.09,1.3,4584,4950,18437
Mamdouuhh1,1710635,202,1.11,1.7,11862,12973,71596
roofnman,3574550,147,0.75,0.6,23993,17996,162815
skv1zi02,1192407,88,1.35,1.0,8900,11857,48038
дидиска,155508,15,1.11,1.7,909,990,6538
Dr DeDaO,1109659,67,0.66,0.9,7490,4899,54192
Decent William,74511,4,0.7,0.7,571,399,3278
bestplayeranto,1453089,144,1.35,1.5,9321,12403,62632
Matsi yessir.,774395,101,1.24,1.7,5881,7158,33197
sᴢᴇғᴜɴᴄɪᴏ fαѕтєr,911478,65,0.93,0.8,7753,7127,39048
J_Nice04,1676811,44,1.11,0.4,10063,11121,75258
Nox_Max,752981,177,0.89,1.6,10854,9516,32636
CROPTOP Dylan,3439496,106,0.21,0.4,24887,5321,220536
molaz1,344375,42,1.02,2.2,1869,1863,14717
PADRINHO 240Hz,564455,71,1.19,2.5,2821,3273,24426
DecayingTunaLips,2850925,108,0.72,0.5,20193,14464,127476
CruelShredder,337919,53,0.61,1.5,3504,2107,15827
ehcruz Ψ,888244,153,1.04,2.2,7084,7208,36582
Punisher-ك,971544,102,0.96,1.0,10067,9534,39228
iTøxiic ツ,1287167,193,0.98,1.8,10501,10080,55560
VIPEX avok ӝ,2153978,132,0.83,0.5,26642,22007,88657
zxcv -iwnl- 圖例等級,1881349,132,1.13,1.0,12623,14131,86349
NoobBryant,468950,65,0.9,2.1,3168,2798,20728
Kun0HD,757636,70,0.81,1.4,4838,3860,35286
Tokyo Blade,1557685,261,1.02,2.5,10559,10534,66000
RageFaija,632231,57,0.62,0.9,6359,3910,29013
M1chael07,408411,61,0.84,1.7,3620,2980,17857
10ironhead00,3188620,321,0.91,2.4,13648,12161,140720
RS OP ytOviPatac,323134,63,1.35,2.6,2387,3128,12515
ClearlyOutPlayed,296721,15,0.87,0.5,2908,2503,12418
TTV DarkSider85,1046468,108,1.29,1.2,8792,11187,44189
WERRRA03,1042842,129,0.9,2.3,5611,4947,46853
Gamma Ψ,673590,77,0.91,2.5,3053,2717,29113
Boneman 74,2180743,186,0.77,2.0,9185,6942,95137
L E Ó N.,2219568,276,1.41,1.8,15634,21655,85846
New Killing,1380393,77,1.18,0.7,11817,13879,56801
Crysonek,350927,65,1.4,2.7,2392,3248,14444
Platine 永,1392548,151,1.1,2.4,6411,6899,61078
pari93,174115,27,1.25,2.2,1242,1523,6980
CheQeMatt-CsK,1731070,257,1.25,2.3,11375,13870,71663
herK0kales,1533591,164,1.34,1.3,12686,16721,59160
Eton1127 YT,2137532,194,1.2,1.3,15347,18143,93604
DubNasty23,3276606,371,1.01,2.5,14699,14449,141851
D0nger.,54535,6,1.41,1.5,397,553,2275
あの谷次郎,129017,22,1.01,1.9,1149,1139,5260
AgroJ YT,590733,91,1.26,2.1,4249,5258,25431
MsPoison_IvyTTV,1161008,48,1.0,0.8,6373,6344,49191
Guru Guru Waton,118248,17,1.2,1.8,926,1095,4765
OMC Nuchos,263978,47,0.85,1.0,4660,3918,10911
ᴹʳ.GLΘPEZ ᴳᵒᵈ シ,759118,52,1.07,1.3,4158,4403,33202
JACK PALANCE,527973,25,0.95,0.4,6009,5664,21152
xDerfelCadarn,3436439,263,0.9,1.2,22717,20182,162232
CookiePeanuts20,5439,1,0.51,1.0,100,50,246
Stanley._,1879415,174,1.42,1.0,17293,24389,77335
Ethereum 10k,745541,44,0.86,0.9,4970,4225,32976
twitch_evermix19,809390,76,0.71,1.5,5129,3611,37925
Lowborn007,1255584,74,0.87,0.9,7796,6703,55134
Bi TAX YT,247561,54,1.03,1.6,3315,3367,10678
breakdownlow,1009945,84,1.16,0.8,9991,11481,40860
GkingTV,150243,11,1.43,1.3,855,1206,6348
baby estefi,623677,111,1.33,2.7,4094,5286,24769
Cz - xSn0Wツ,234436,40,1.33,2.2,1847,2401,9845
Rub e pera,1311632,150,1.06,1.7,8698,9034,57141
twitch_Janivi,1074440,142,1.09,1.8,7704,8236,47095
عبسي1998,697123,82,0.98,1.3,6540,6310,28372
PuzzleMagnet,53345,2,0.47,0.5,438,204,2730
MASSV3,3396390,255,0.9,1.1,24149,21403,149224
DasLooney,18566,0,0.26,0.0,258,66,908
NIGHT X ZERO,611792,94,1.06,1.4,6542,6823,23359
HS oTACHE,196122,46,1.37,2.3,1997,2671,7955
Mypkun,32562,2,0.34,0.1,1551,523,1991
ParniValjak77977,2352645,280,1.11,2.4,11558,12493,102990
ttv mario600gsrツ,445332,131,1.02,2.8,4746,4689,18360
ЯモDモΨモSBLモSSモD,680041,91,0.83,1.4,6714,5476,31489
ᵀʷᶦᵗᶜʰDannyTrips,137202,13,0.98,1.0,1368,1332,6178
шноisdeyvid,1865005,112,0.94,0.8,14309,13346,84181
Rage907,143727,24,1.26,2.3,1030,1271,6316
UEC_GameMaster15,173255,35,0.91,1.3,2701,2418,6910
J Infected HFWD,733033,57,1.07,1.1,5279,5568,30797
SOUL KING Ϟ,418139,80,1.36,2.6,3024,3991,17043
1Royal Ridge TTV,134642,20,0.63,2.5,789,488,6109
AL Rabbit神,135089,19,0.96,2.0,954,898,6554
staralliance74,1272293,46,0.7,0.4,10291,7210,56284
fiftytwo66,2973183,234,0.86,1.2,20062,17055,126960
MariStiko TTV,630939,63,1.25,1.8,3598,4410,26578
Méalune,286285,54,0.79,2.4,2263,1741,12650
jеtеr,2462194,174,0.8,0.9,18600,14745,117284
PsychTazeTV,2355664,180,1.43,1.1,16199,22986,96843
Twitch HeyimPal,151429,18,0.96,1.1,1591,1511,7027
code tvRoshi,704433,47,1.17,1.2,3788,4384,31656
NTNS NIKOLAS,103662,4,0.74,0.4,1078,795,4386
55easy,1515651,133,0.84,1.5,9095,7497,68593
FreshD. on YT,520685,73,1.4,1.5,4741,6546,21902
TTV EVO LilRed,304925,13,0.62,0.3,4107,2555,13330
AngelBvibin.,1365632,75,1.29,0.6,11625,14897,53443
Yaggїシ,900791,79,1.04,1.2,6579,6769,42108
Lyóko,271090,46,0.9,1.6,2878,2555,11521
lady_cookie_mor,58119,8,0.61,2.5,319,189,2736
Snykrr7,963449,63,0.77,0.8,7610,5834,44696
DoryanLepro,309618,44,1.23,2.5,1729,2077,13136
IMMORTALOFDEATH,59205,6,1.04,1.6,378,388,2541
Chlander.,354552,30,1.04,1.0,2943,3020,14429
Colonel_Calico,268133,36,0.84,1.5,2349,1945,12496
00LaPlume,54095,5,0.63,0.7,722,455,2279
HolyMoses75,3076621,138,1.19,0.7,19162,22671,124770
MrMasterWong.ttv,604420,67,1.39,1.4,4628,6337,23099
BLEIKRAY,88129,11,0.94,0.6,1936,1801,3669
ᴹᶠᴳ Nannya,64534,7,0.58,1.3,525,301,2994
kita ℭ,240481,47,1.34,1.9,2444,3212,9636
ivanhorustwitch,402858,99,1.4,2.1,4769,6553,18564
Epsilon_killerYT,261515,86,1.24,2.8,3123,3756,9101
Twitch Elbotv,568631,36,0.78,0.4,8021,6253,25113
Hachiko.31,1076711,176,0.67,2.5,7165,4698,49401
Hiếu Nà Ní,1046570,99,0.79,0.9,11071,8684,54553
T-Roy Jenk1ns,235768,16,1.03,1.1,1518,1554,9790
saD EZΞ,1035258,233,1.15,2.5,9445,10639,44265
TaCi drecu,199565,20,0.74,1.0,1996,1472,8766
The Wagon.,650125,48,1.03,1.0,4757,4865,28013
丂爪OT卩0Ҝ乇尺,1203193,181,1.45,2.0,8990,12731,48502
noβiτα51,1821004,273,1.43,2.7,9983,13863,73444
snowrid3r.,2028292,222,1.02,1.8,12164,12124,89501
Twitch DjokeiRRӝ,1617553,112,1.26,0.7,15216,18986,64072
ThicccccccccTaco,379479,35,1.29,1.4,2463,3128,15890
Lacyboy21,229592,26,1.09,1.6,1672,1786,9492
TBLACK_MaStEr,1197145,91,1.07,0.8,10777,11384,48635
Spl_akaperejil,988051,79,1.42,1.1,7211,10115,37819
Labouviette,1344451,239,1.32,2.4,10076,12947,54971
itsSakr,442062,85,1.47,2.8,2990,4284,16773
ꙮKυʂԋKιʂʂҽʂꙮ,82790,12,1.09,1.4,830,895,3509
eRa kingguii,1646381,128,1.11,1.1,11511,12611,71883
BABA ON TROVO,1385662,54,0.97,0.6,9718,9394,62122
BAKUNC,1513677,202,1.14,1.9,10548,11806,63261
ṨHADOWッ,93456,26,0.87,1.3,1978,1699,3788
Ttv Don_Ivory,149499,22,1.46,2.4,918,1305,5858
KenMcCullough TV,658450,33,0.67,0.8,4368,2890,31518
KFC_Z4-77,1716108,87,1.14,0.8,10752,12169,70962
Bro it is me,797130,92,0.75,1.2,7853,5819,33851
Nabbo43ver,663248,58,0.98,1.8,3229,3120,28832
Massacre_all,1287658,122,1.27,1.7,7064,8782,51860
miLk_33,365871,39,1.14,1.7,2256,2522,16364
Juliana x,368430,28,1.02,1.3,2158,2171,16981
JohannSilber,1961383,279,0.76,2.6,10774,7940,92100
Focusᴿᵉʸˡⁱ ӝ,883405,126,1.43,1.5,8526,12010,33582
Notorious Lo,22837,5,0.69,1.7,296,200,1011
Cazy Fox,480363,88,1.28,2.1,4195,5239,19844
Oblivion Smasher,364212,11,0.39,0.2,4871,1874,16940
Normich,88834,20,1.28,2.8,708,880,3843
Die Weißen,1774675,278,1.31,2.4,11486,14643,79348
FB JusticeRolls,997042,124,1.29,2.2,5683,7194,42620
Quartzy ӝ,1686134,179,1.39,1.3,13577,18628,73529
ToXic_Creiven,619048,144,1.4,2.2,6468,8849,24113
Aykut MT,136514,18,1.43,2.0,912,1282,5364
CapiTanSalchich4,2714186,180,1.02,1.3,13689,13736,120145
Atom Onslaught,841494,129,0.97,1.8,7265,6931,36659
Barney ઽєʋ ⓐⓜⓘⓖⓞ,1317828,60,0.85,0.5,11975,10130,56431
Dv1 Cichy6,913793,183,1.19,2.8,6578,7590,37104
DinD0ni,275629,17,0.95,1.2,1431,1344,11890
Mende.Z,623408,126,1.41,1.6,7766,10739,23482
Twitch igzufn,1670193,134,1.0,1.1,11746,11643,74424
IamThedd,1340390,161,0.86,1.0,15922,13583,56785
Tomahok21,1116578,117,1.13,1.5,7848,8712,44014
WarriorPixie,263721,12,0.67,0.7,1807,1210,11824
THC_LokoBCN,922366,126,1.05,2.0,6380,6575,39651
HIƎI,1182745,105,0.86,1.5,7142,6067,53603
Skilryl,1163165,91,1.29,0.7,12245,15638,46042
TiltedXanax,2175622,285,0.91,2.2,13142,11646,93824
LTS DrN,1756706,213,1.41,1.9,11199,15470,75551
gυsтıη,691306,93,1.38,1.8,5255,7119,29143
DJJCAP,1305545,131,1.19,2.3,5803,6765,54444
ᴰᴱᴹᴼᴺᴰˢ Heritas.,1442387,131,1.09,1.4,9553,10258,61103
Le Vétéran,581957,49,1.07,1.2,3950,4188,24559
Cleхi,782230,106,0.79,1.7,6239,4839,34523
Elba_zurita28,642126,34,0.68,0.8,4009,2704,29893
R4W BILAL,500370,96,1.07,2.5,3802,3974,20202
Sabi .,1903816,205,0.98,1.2,17261,16694,79530
Chickuh,13598,1,0.41,0.4,233,96,661
iTs Yanis-YT,1191522,85,1.16,1.0,8521,9819,49919
OOGYFISHY,1232107,191,0.96,1.8,10593,9969,52226
NightOwlLuna,6876,0,0.26,0.0,106,28,324
100T MrSalsiccia,914180,209,1.47,2.2,9355,13468,34871
TwitchGipsy_loko,948071,58,0.91,0.9,6420,5804,41253
CONANIZED,502448,55,1.24,2.8,1948,2340,21423
Daddy Skipps,10630,2,0.26,1.4,141,36,489
MDF_LaRKiN,334664,47,0.91,1.5,3148,2825,14146
REBEL ARMY CINC,158063,4,0.43,0.5,800,341,7814
ᴢᴇʙʀᴀ.,980487,110,1.34,1.7,6350,8353,42248
DerECHTE_045,2625413,243,1.16,1.1,22314,25553,99787
NRG NoMercys-,293429,17,0.63,0.8,2108,1321,13189
Crutch Lips,581446,62,1.0,1.8,3464,3413,25092
DuffedGlizzy69,584305,72,1.0,1.3,5725,5651,25435
Λ Fighter Λ,139318,9,1.06,1.1,840,883,5938
Ƶ Ø M Ƀ Ɨ Ɨ 67,51476,4,1.28,1.5,260,328,2291
USE CODE -IQG7,1119389,35,0.88,0.3,11746,10311,50246
ePandas Setunia,541975,71,0.84,1.3,5579,4614,23423
Ψ king,826672,80,1.15,1.6,4918,5554,38563
DommyLlamaTTV,1935559,100,0.88,0.9,10726,9330,88090
S.P.D Emergency,234385,41,0.88,1.6,2490,2147,10415
Sleptt,158059,27,1.41,2.0,1352,1873,6574
Martyška,2429950,227,1.0,0.9,25343,25194,105969
Santigold-,241888,38,1.25,2.5,1518,1848,10217
Donsuki,346619,51,1.45,1.8,2768,3943,13190
404 ɛʀʀʀօʀ,604031,158,1.37,2.8,5650,7550,25500
WMC_BORO-FRBAMBI,641467,110,0.91,2.5,4391,3885,27682
Fredator_,172464,29,0.98,1.9,1518,1452,6896
Sky-Pizza,1016491,174,1.27,2.0,8812,10953,38326
O B L I O,719002,96,0.69,2.1,4522,3055,33914
WAVE Seiyo,1953482,202,1.08,1.7,11786,12546,82794
Royal 山,2075571,82,1.0,0.4,22157,22083,88794
ITZZZ SHOHAM,832575,51,0.99,0.6,8423,8250,33537
it lovely kalil,1743773,218,0.85,1.8,12107,10051,77883
Kyrhox_iwnl,2330970,177,0.77,0.6,28798,22086,102333
TMK_WheresWaldo,1100375,183,1.17,2.6,7009,7989,46631
Owiipski,772708,101,0.91,1.8,5752,5150,34321
ItsMichaelaa,96408,5,0.55,0.5,1068,582,4308
Brasco en scred,632315,93,1.03,2.8,3344,3338,26776
DknMR,771715,36,0.73,0.6,6121,4451,34552
Anónimo tu vieja,583711,58,1.41,1.6,3644,5056,25187
DEMONNNN Jimm1x.,459826,115,1.14,2.8,4116,4544,19982
Groot 69,1124468,331,1.36,2.0,16309,21716,45896
Luis_ ay лол,1625157,158,1.04,1.2,13111,13487,74563
ＫＯ ＡＢＯ ＴＩＭ,381337,29,1.01,0.7,3902,3896,15953
TTV_wkCosmos,469343,44,0.97,1.5,2974,2847,22163
Lei Ya,224662,38,0.86,2.8,1365,1143,10353
TTV KTSLlama,2142970,317,1.21,1.6,20109,23950,88338
amce big boss,2035983,263,0.84,1.9,14032,11562,87749
янг savage,1594530,118,1.27,1.2,9649,12085,68895
ジOh Yeah Uhh,260927,23,0.61,0.7,3293,2007,11719
1iAmANiNja1,102283,7,1.27,1.0,684,863,4218
ASSA6644,192033,20,1.23,1.3,1561,1891,7798
Obie2x on twitch,1283731,144,1.4,1.7,8241,11364,55751
ꓘush,125252,12,1.32,1.5,800,1037,5076
Pato1327,1225983,148,0.98,1.5,9602,9284,53035
BabyFaceCro,274355,55,1.13,2.3,2426,2677,11502
User-2077da5d7e,1161698,7,0.08,0.1,5350,430,78359
Barnabas6002,298116,20,0.64,1.8,1103,689,14021
MXR Mysti,807972,137,1.27,2.2,6152,7667,33629
sok maj bols,1547269,170,1.27,1.3,13394,16800,61386
NewD1splayName,1826012,213,1.12,2.3,9245,10136,85169
Nebuchadnezzar -,1139934,156,1.11,2.4,6590,7131,48515
DuNNNNNoo,1656754,115,1.06,1.0,10989,11519,75971
ＷΛＬＫΞＲ,686298,126,0.99,2.2,5663,5460,29186
Lichos11,584891,101,1.39,2.1,4872,6627,25431
1ϟB R Y A Nっっ,1088117,77,0.81,1.0,7716,6197,54673
VYA_HECTOR_93,298972,29,1.04,2.0,1474,1504,12927
刀iaℬlø,940341,179,1.46,2.2,8046,11465,37383
ThatGirlJasper,1229351,102,0.82,1.9,5452,4374,59389
MarianFlorinYT,590134,60,1.05,1.6,3804,3925,26425
Esk DrickanHD,1542774,100,1.03,0.7,14543,14922,66466
Martin MC_Fly,352743,34,1.08,1.7,1988,2102,15923
Moteram,1110455,34,0.83,0.4,7565,6237,48491
Operator لTF2,29508,1,0.59,0.5,196,115,1361
Quadrupeltje,1107320,104,0.76,1.5,7009,5257,49791
sneakynav,148245,29,1.31,1.8,1648,2124,5626
evillious,916480,171,1.23,2.7,6364,7594,36963
junalu,2474803,219,1.34,1.9,11831,15545,102499
Don-Hosse,838508,59,0.77,1.0,5733,4347,38842
Critycal.exe,509368,76,1.31,2.3,3259,4177,20786
sugu cc,151982,31,1.21,1.5,2020,2408,6361
ɪx ɪᴛsғɪʟɪᴘᴇ ӝ,618198,57,0.83,1.0,5434,4443,28473
BM_BlackMamba_hd,73417,14,0.87,2.1,664,568,3166
Mintie-,102621,5,0.93,0.8,617,570,4520
goose FN,4453,0,1.03,0.0,30,31,210
Breeezツ,1182509,159,1.32,1.5,10447,13587,46172
twitch patetafps,1734488,136,1.23,0.9,15900,19412,71739
JoshM On ᴺᴼᵀ,499517,117,1.39,1.9,6066,8291,20137
Tw Yusca16,1207355,182,1.32,0.9,21386,27889,51755
BlitzIMr.Editz,527995,39,1.04,0.9,4290,4407,23201
777 RenaboDaSosa,1014327,115,1.37,1.3,9056,12286,39990
TTV CokeSmok,486275,35,0.77,1.1,3317,2511,22158
VALIFY Pixel,874467,127,1.34,1.5,8464,11154,34860
Magɨc,180764,51,1.35,2.8,1836,2415,7363
Jehda,1459487,307,1.47,2.0,15201,21855,59481
Twitch NOTTREVE,1345692,131,1.33,1.5,8663,11363,56235
TRS Topher Léon,990642,141,1.28,1.9,7608,9550,40606
ᵀᶠBrᴀfᴀwn〆,1041910,79,0.92,1.3,6185,5631,50289
Coyootee_gr,876963,53,0.79,0.7,7557,5922,36950
Rikudo.,737420,88,1.46,0.9,9426,13590,29760
YT Rustem Koci,2319505,170,1.12,1.1,15504,17123,100790
Steak loves Lau,438526,50,1.42,1.6,3128,4365,17657
YTRubberduck,170614,6,0.3,0.6,1001,301,8505
TrevorAhrensTTV,2843451,44,0.2,0.3,17444,3435,179134
ӝFishyӝ,756470,246,1.19,2.7,9143,10606,30514
ttvPastorantoine,1304158,147,1.3,1.7,8832,11328,59009
Kubuś on Drugsツ,1538515,103,0.76,0.9,11736,8815,70360
ʀɢʟᴜ,668496,107,1.25,1.8,6038,7437,28945
Lé Petit Muniir,627185,158,1.24,1.4,11488,14014,26480
Chulo-33,277968,29,1.33,1.8,1632,2136,11007
Maxííí,1528665,352,1.29,2.7,13016,16310,62499
r3x4k0,509374,47,0.87,1.9,2488,2133,22351
Simply Swanky,413995,33,0.92,1.0,3363,3059,18861
T-REKTHØS,44853,9,0.87,1.1,831,715,1936
アordy ϟ,398075,36,1.02,1.1,3336,3363,16987
davidsb123,56115,1,0.84,0.2,468,394,2631
κιlled βγ αlρhα,1056914,143,1.22,1.7,8391,10095,45883
mcKarlus,100047,8,0.95,0.4,1961,1853,4231
DoorKey on OF,386715,72,1.11,2.8,2563,2776,17217
LIDEČKOVJAN PIČO,147862,10,1.2,0.7,1408,1678,5898
ᵀʷⁱᵗᶜʰRippersan,138999,23,1.35,1.6,1398,1860,5773
Codigo Drogo,475390,123,1.37,2.5,4939,6580,17250
fknLEGIT,753813,136,1.42,2.5,5337,7378,33835
ricardincanayin,864196,96,1.35,1.6,6055,8062,34527
herobiscuit,347254,25,1.24,0.6,4391,5414,12688
elreydelmundo92,555477,72,1.01,1.0,7420,7446,23454
Javi-Burgos,195279,22,0.58,1.8,1217,699,9732
bushinhö,1514657,194,1.03,2.2,8758,8850,67521
RD-Antony,747295,71,1.1,1.9,3763,4048,31147
